Datetime,Product_id,Quantity
6/1/2022,001-003-002,12
6/1/2022,001-002-004,7
6/1/2022,001-003-005,3
6/1/2022,001-003-004,6
6/1/2022,001-003-003,4
6/1/2022,001-003-001,6
6/2/2022,001-001-004,7
6/2/2022,001-002-003,12
6/2/2022,001-002-002,2
6/2/2022,001-001-001,8
6/2/2022,001-002-004,14
6/3/2022,001-003-006,4
6/3/2022,001-001-002,6
6/3/2022,001-003-003,2
6/3/2022,001-002-001,1
6/3/2022,001-003-001,17
6/3/2022,001-001-003,8
6/4/2022,001-003-004,3
6/4/2022,001-003-002,22
6/4/2022,001-002-003,12
6/4/2022,001-003-005,5
6/4/2022,001-001-004,5
6/4/2022,001-003-006,3
6/6/2022,001-003-001,4
6/6/2022,001-003-002,11
6/6/2022,001-002-001,7
6/6/2022,001-001-002,6
6/6/2022,001-003-003,4
6/6/2022,001-003-004,2
6/6/2022,001-001-003,12
6/6/2022,001-002-004,1
6/6/2022,001-003-005,3
6/7/2022,001-002-002,6
6/7/2022,001-003-006,23
6/7/2022,001-002-003,17
6/7/2022,001-001-001,8
6/7/2022,001-003-001,4
6/7/2022,001-003-003,2
6/7/2022,001-003-002,6
6/7/2022,001-001-004,7
6/8/2022,001-002-001,8
6/8/2022,001-003-004,22
6/8/2022,001-002-004,14
6/8/2022,001-001-003,3
6/8/2022,001-003-005,9
6/8/2022,001-002-003,46
6/9/2022,001-003-006,29
6/9/2022,001-001-004,7
6/9/2022,001-003-002,9
6/9/2022,001-002-003,14
6/9/2022,001-003-004,11
6/9/2022,001-001-002,4
6/10/2022,001-003-005,9
6/10/2022,001-002-004,2
6/10/2022,001-003-001,3
6/10/2022,001-003-006,2
6/10/2022,001-001-003,7
6/10/2022,001-003-003,18
6/10/2022,001-002-002,4
6/11/2022,001-001-001,2
6/11/2022,001-003-004,8
6/11/2022,001-003-005,5
6/11/2022,001-002-001,1
6/11/2022,001-002-003,3
6/11/2022,001-003-002,15
6/11/2022,001-001-004,5
6/13/2022,001-003-001,4
6/13/2022,001-002-004,2
6/13/2022,001-003-006,9
6/13/2022,001-003-002,1
6/13/2022,001-003-005,13
6/13/2022,001-002-001,7
6/14/2022,001-001-002,8
6/14/2022,001-001-003,17
6/14/2022,001-003-003,2
6/14/2022,001-002-003,6
6/14/2022,001-003-004,2
6/14/2022,001-003-001,4
6/15/2022,001-003-002,10
6/15/2022,001-001-004,7
6/15/2022,001-002-004,8
6/15/2022,001-003-006,24
6/15/2022,001-001-001,5
6/15/2022,001-003-005,6
6/16/2022,001-002-002,19
6/16/2022,001-002-003,2
6/16/2022,001-003-001,5
6/16/2022,001-003-003,3
6/16/2022,001-001-003,3
6/16/2022,001-003-004,14
6/17/2022,001-002-001,12
6/17/2022,001-003-005,1
6/17/2022,001-003-002,6
6/17/2022,001-003-006,5
6/17/2022,001-001-004,2
6/18/2022,001-003-001,4
6/18/2022,001-002-004,2
6/18/2022,001-002-003,3
6/18/2022,001-003-002,7
6/18/2022,001-003-004,8
6/18/2022,001-003-005,15
6/18/2022,001-002-001,2
6/18/2022,001-002-002,3
6/20/2022,001-003-003,4
6/20/2022,001-003-006,14
6/20/2022,001-003-001,2
6/20/2022,001-003-005,18
6/20/2022,001-002-004,6
6/21/2022,001-003-004,1
6/21/2022,001-002-003,5
6/21/2022,001-003-002,8
6/21/2022,001-002-004,10
6/21/2022,001-003-003,9
6/21/2022,001-002-001,4
6/22/2022,001-003-006,2
6/22/2022,001-003-005,2
6/22/2022,001-003-001,13
6/22/2022,001-003-004,4
6/22/2022,001-002-002,5
6/23/2022,001-003-002,1
6/24/2022,001-003-006,7
6/24/2022,001-003-003,2
6/24/2022,001-002-003,2
6/24/2022,001-002-004,5
6/24/2022,001-002-001,6
6/25/2022,001-003-005,8
6/25/2022,001-003-001,5
6/25/2022,001-003-004,3
6/25/2022,001-003-002,9
6/25/2022,001-002-002,15
6/27/2022,001-003-003,1
6/27/2022,001-003-005,3
6/27/2022,001-002-004,7
6/27/2022,001-003-006,4
6/27/2022,001-002-001,2
6/27/2022,001-003-001,6
6/27/2022,001-003-002,6
6/28/2022,001-003-004,4
6/28/2022,001-003-003,2
6/28/2022,001-002-003,7
6/28/2022,001-003-006,3
6/28/2022,001-002-004,5
6/29/2022,001-002-003,1
6/29/2022,001-003-001,2
6/29/2022,001-001-004,4
6/29/2022,001-002-004,8
6/29/2022,001-003-005,14
6/29/2022,001-003-002,2
6/30/2022,001-002-001,5
6/30/2022,001-003-006,10
6/30/2022,001-002-004,9
6/30/2022,001-003-003,4
6/30/2022,001-003-004,3
6/30/2022,001-003-002,2
7/1/2022,001-002-002,15
7/1/2022,001-003-005,12
7/1/2022,001-003-004,8
7/1/2022,001-001-003,3
7/1/2022,001-003-001,7
7/1/2022,001-003-003,5
7/2/2022,001-002-003,2
7/2/2022,001-003-006,2
7/2/2022,001-003-004,6
7/2/2022,001-003-002,8
7/2/2022,001-003-001,2
7/2/2022,001-002-004,1
7/2/2022,001-003-005,13
7/4/2022,001-001-002,17
7/4/2022,001-003-006,3
7/4/2022,001-002-001,18
7/4/2022,001-002-003,5
7/4/2022,001-001-001,7
7/5/2022,001-003-002,2
7/5/2022,001-003-005,4
7/5/2022,001-002-004,4
7/5/2022,001-003-003,5
7/5/2022,001-002-002,2
7/6/2022,001-003-004,8
7/6/2022,001-003-001,5
7/6/2022,001-002-003,4
7/6/2022,001-003-006,2
7/6/2022,001-001-004,14
7/6/2022,001-003-002,9
7/7/2022,001-003-001,7
7/7/2022,001-002-004,3
7/7/2022,001-002-003,10
7/7/2022,001-003-005,2
7/7/2022,001-001-003,6
7/7/2022,001-003-001,12
7/7/2022,001-002-003,1
7/7/2022,001-001-004,8
7/8/2022,001-003-006,5
7/8/2022,001-003-004,3
7/8/2022,001-002-002,17
7/8/2022,001-003-003,2
7/8/2022,001-002-001,15
7/8/2022,001-001-003,2
7/8/2022,001-003-005,4
7/9/2022,001-003-002,7
7/9/2022,001-003-001,5
7/9/2022,001-002-004,2
7/9/2022,001-003-006,3
7/9/2022,001-002-003,8
7/9/2022,001-003-004,4
7/9/2022,001-002-002,6
7/11/2022,001-003-002,18
7/11/2022,001-003-003,13
7/11/2022,001-003-005,2
7/11/2022,001-002-004,9
7/11/2022,001-002-001,1
7/11/2022,001-003-004,5
7/12/2022,001-001-004,6
7/12/2022,001-003-001,10
7/12/2022,001-003-006,3
7/12/2022,001-002-003,7
7/12/2022,001-003-005,24
7/13/2022,001-002-004,2
7/13/2022,001-003-003,4
7/13/2022,001-001-001,2
7/13/2022,001-003-002,19
7/14/2022,001-003-004,3
7/14/2022,001-002-003,5
7/14/2022,001-002-002,9
7/14/2022,001-001-002,8
7/14/2022,001-003-006,3
7/15/2022,001-002-001,15
7/15/2022,001-002-004,11
7/15/2022,001-001-003,2
7/15/2022,001-003-001,6
7/15/2022,001-003-005,2
7/16/2022,001-002-003,2
7/16/2022,001-003-002,16
7/16/2022,001-003-004,4
7/16/2022,001-001-004,1
7/16/2022,001-002-001,2
7/16/2022,001-003-005,7
7/18/2022,001-003-003,4
7/18/2022,001-003-002,3
7/18/2022,001-003-004,8
7/18/2022,001-003-001,5
7/18/2022,001-001-004,2
7/18/2022,001-003-006,9
7/19/2022,001-002-004,15
7/19/2022,001-002-003,4
7/19/2022,001-001-002,6
7/19/2022,001-003-002,2
7/19/2022,001-003-003,7
7/19/2022,001-002-004,10
7/20/2022,001-003-004,4
7/20/2022,001-003-005,3
7/20/2022,001-003-006,14
7/20/2022,001-002-001,2
7/20/2022,001-002-003,1
7/20/2022,001-002-002,5
7/21/2022,001-003-001,2
7/21/2022,001-003-004,9
7/21/2022,001-003-003,18
7/21/2022,001-003-002,2
7/22/2022,001-003-005,4
7/22/2022,001-003-001,5
7/22/2022,001-002-004,3
7/22/2022,001-001-004,17
7/22/2022,001-003-006,8
7/22/2022,001-002-003,1
7/22/2022,001-003-004,2
7/23/2022,001-003-002,6
7/23/2022,001-002-001,10
7/23/2022,001-003-003,7
7/23/2022,001-003-006,5
7/23/2022,001-003-005,4
7/23/2022,001-003-002,19
7/25/2022,001-003-004,2
7/25/2022,001-002-004,13
7/25/2022,001-001-001,3
7/25/2022,001-003-001,12
7/25/2022,001-003-003,5
7/26/2022,001-003-002,17
7/26/2022,001-002-003,3
7/26/2022,001-002-002,2
7/26/2022,001-003-005,6
7/26/2022,001-001-003,4
7/27/2022,001-003-004,15
7/27/2022,001-003-002,9
7/27/2022,001-003-005,11
7/27/2022,001-003-001,3
7/27/2022,001-003-004,2
7/27/2022,001-003-006,8
7/28/2022,001-003-003,4
7/28/2022,001-003-004,5
7/28/2022,001-003-001,24
7/28/2022,001-003-005,2
7/28/2022,001-003-002,8
7/29/2022,001-003-003,6
7/29/2022,001-003-006,4
7/29/2022,001-003-001,14
7/29/2022,001-003-004,2
7/29/2022,001-003-005,16
7/30/2022,001-003-002,7
7/30/2022,001-003-003,3
7/30/2022,001-003-006,2
7/30/2022,001-003-001,5
7/30/2022,001-003-004,4
8/1/2022,001-003-005,5
8/1/2022,001-003-002,11
8/1/2022,001-003-003,7
8/1/2022,001-003-006,2
8/1/2022,001-003-001,4
8/2/2022,001-003-004,20
8/2/2022,001-003-005,8
8/2/2022,001-003-002,1
8/2/2022,001-003-003,6
8/2/2022,001-003-006,9
8/2/2022,001-003-001,1
8/3/2022,001-003-004,3
8/3/2022,001-003-005,2
8/3/2022,001-003-002,2
8/3/2022,001-003-003,23
8/3/2022,001-003-006,2
8/4/2022,001-003-001,15
8/4/2022,001-003-004,8
8/4/2022,001-003-005,9
8/4/2022,001-001-002,14
8/4/2022,001-002-003,6
8/5/2022,001-003-006,5
8/5/2022,001-001-001,2
8/5/2022,001-003-004,12
8/5/2022,001-003-005,3
8/5/2022,001-003-002,8
8/6/2022,001-002-003,22
8/6/2022,001-003-006,4
8/6/2022,001-003-006,6
8/6/2022,001-001-004,2
8/6/2022,001-001-001,7
8/6/2022,001-003-005,4
8/8/2022,001-001-002,7
8/8/2022,001-002-003,4
8/8/2022,001-003-004,2
8/8/2022,001-002-001,3
8/8/2022,001-003-005,15
8/8/2022,001-003-006,5
8/8/2022,001-001-003,8
8/8/2022,001-002-002,9
8/9/2022,001-002-001,6
8/9/2022,001-003-004,18
8/9/2022,001-003-005,3
8/9/2022,001-003-006,2
8/9/2022,001-003-003,10
8/9/2022,001-001-002,4
8/10/2022,001-002-001,14
8/10/2022,001-003-004,7
8/10/2022,001-003-005,1
8/10/2022,001-003-006,8
8/10/2022,001-001-003,12
8/10/2022,001-003-002,5
8/10/2022,001-002-001,3
8/11/2022,001-002-004,2
8/11/2022,001-003-005,6
8/11/2022,001-003-006,24
8/11/2022,001-001-003,4
8/11/2022,001-003-002,9
8/11/2022,001-003-001,5
8/12/2022,001-002-004,17
8/12/2022,001-003-005,13
8/12/2022,001-003-006,4
8/12/2022,001-003-003,12
8/12/2022,001-002-002,8
8/12/2022,001-003-001,19
8/13/2022,001-001-004,6
8/13/2022,001-003-005,2
8/13/2022,001-003-006,2
8/13/2022,001-003-003,3
8/13/2022,001-001-002,5
8/13/2022,001-002-001,11
8/13/2022,001-002-004,2
8/15/2022,001-003-005,7
8/15/2022,001-003-006,14
8/15/2022,001-001-003,5
8/15/2022,001-003-002,2
8/15/2022,001-003-001,4
8/15/2022,001-001-002,9
8/16/2022,001-003-005,1
8/16/2022,001-001-004,15
8/16/2022,001-002-002,8
8/16/2022,001-003-002,4
8/16/2022,001-002-003,2
8/17/2022,001-003-004,6
8/17/2022,001-003-003,2
8/17/2022,001-002-002,3
8/17/2022,001-003-003,1
8/17/2022,001-001-002,10
8/18/2022,001-003-002,8
8/18/2022,001-001-001,4
8/18/2022,001-003-003,16
8/18/2022,001-002-002,2
8/18/2022,001-003-005,7
8/18/2022,001-003-005,5
8/19/2022,001-003-002,4
8/19/2022,001-002-004,2
8/19/2022,001-001-001,20
8/19/2022,001-002-001,7
8/19/2022,001-001-003,23
8/19/2022,001-001-003,5
8/20/2022,001-001-003,6
8/20/2022,001-002-001,9
8/20/2022,001-002-004,12
8/20/2022,001-002-002,4
8/20/2022,001-003-003,5
8/20/2022,001-002-004,2
8/22/2022,001-003-003,3
8/22/2022,001-002-003,8
8/22/2022,001-002-002,10
8/22/2022,001-003-002,7
8/22/2022,001-003-003,6
8/22/2022,001-001-004,1
8/23/2022,001-001-004,12
8/23/2022,001-002-004,5
8/23/2022,001-001-004,9
8/23/2022,001-001-002,4
8/23/2022,001-001-002,2
8/24/2022,001-002-002,22
8/24/2022,001-003-005,2
8/24/2022,001-002-002,15
8/24/2022,001-002-002,3
8/24/2022,001-003-005,8
8/25/2022,001-003-005,3
8/25/2022,001-003-006,14
8/25/2022,001-003-006,21
8/25/2022,001-003-004,2
8/25/2022,001-002-004,5
8/26/2022,001-002-003,7
8/26/2022,001-003-003,3
8/26/2022,001-003-002,15
8/26/2022,001-003-003,4
8/26/2022,001-002-002,6
8/27/2022,001-003-004,8
8/27/2022,001-002-004,1
8/27/2022,001-001-003,3
8/27/2022,001-002-003,9
8/27/2022,001-002-001,15
8/27/2022,001-003-003,4
8/29/2022,001-002-004,6
8/29/2022,001-001-003,7
8/29/2022,001-002-003,10
8/29/2022,001-002-001,4
8/29/2022,001-003-002,3
8/29/2022,001-003-006,2
8/29/2022,001-001-001,5
8/30/2022,001-003-003,24
8/30/2022,001-001-003,2
8/30/2022,001-003-005,8
8/30/2022,001-002-004,6
8/30/2022,001-003-002,4
8/30/2022,001-003-002,14
8/31/2022,001-003-004,2
8/31/2022,001-001-004,16
8/31/2022,001-002-003,7
8/31/2022,001-002-002,3
8/31/2022,001-001-003,2
9/1/2022,001-002-002,5
9/1/2022,001-001-001,4
9/1/2022,001-001-004,5
9/1/2022,001-003-003,1
9/1/2022,001-003-003,7
9/2/2022,001-002-004,2
9/2/2022,001-001-002,4
9/2/2022,001-002-003,20
9/2/2022,001-001-002,8
9/2/2022,001-003-005,1
9/3/2022,001-002-004,6
9/3/2022,001-001-004,9
9/3/2022,001-001-002,1
9/3/2022,001-003-002,3
9/3/2022,001-002-004,2
9/3/2022,001-001-002,2
9/3/2022,001-002-001,23
9/5/2022,001-002-002,2
9/5/2022,001-003-006,15
9/5/2022,001-003-006,8
9/5/2022,001-002-003,9
9/5/2022,001-003-004,14
9/5/2022,001-002-004,6
9/6/2022,001-002-004,5
9/6/2022,001-003-004,2
9/6/2022,001-003-003,12
9/6/2022,001-003-005,3
9/7/2022,001-001-001,8
9/7/2022,001-003-002,22
9/7/2022,001-001-001,4
9/7/2022,001-003-002,6
9/7/2022,001-003-003,2
9/8/2022,001-002-003,7
9/8/2022,001-003-003,4
9/8/2022,001-001-004,2
9/8/2022,001-003-003,4
9/8/2022,001-001-004,3
9/9/2022,001-002-003,7
9/9/2022,001-002-002,2
9/9/2022,001-003-006,1
9/9/2022,001-003-005,8
9/9/2022,001-003-004,5
9/9/2022,001-002-004,3
9/10/2022,001-003-006,2
9/10/2022,001-002-001,13
9/10/2022,001-002-003,9
9/10/2022,001-003-001,6
9/10/2022,001-003-005,5
9/10/2022,001-003-006,2
9/12/2022,001-001-004,4
9/12/2022,001-003-004,8
9/12/2022,001-001-003,3
9/12/2022,001-002-002,15
9/12/2022,001-001-003,6
9/12/2022,001-001-002,10
9/13/2022,001-003-001,17
9/13/2022,001-003-002,2
9/13/2022,001-003-002,3
9/13/2022,001-002-003,11
9/13/2022,001-003-002,5
9/14/2022,001-003-005,7
9/14/2022,001-001-004,8
9/14/2022,001-002-004,1
9/14/2022,001-001-004,2
9/14/2022,001-001-004,9
9/15/2022,001-002-002,2
9/15/2022,001-002-002,18
9/15/2022,001-003-004,4
9/15/2022,001-003-005,14
9/15/2022,001-002-004,12
9/15/2022,001-001-002,3
9/16/2022,001-002-001,5
9/16/2022,001-003-002,6
9/16/2022,001-001-001,1
9/16/2022,001-002-004,7
9/16/2022,001-003-005,8
9/17/2022,001-003-004,9
9/17/2022,001-002-003,4
9/17/2022,001-002-004,10
9/17/2022,001-002-002,2
9/17/2022,001-003-004,5
9/17/2022,001-002-001,6
9/17/2022,001-003-006,3
9/19/2022,001-001-001,2
9/19/2022,001-003-005,4
9/19/2022,001-002-001,2
9/19/2022,001-001-003,2
9/19/2022,001-001-004,7
9/20/2022,001-002-002,6
9/20/2022,001-001-002,5
9/20/2022,001-003-003,15
9/20/2022,001-002-003,9
9/20/2022,001-001-001,1
9/21/2022,001-003-003,4
9/21/2022,001-002-004,3
9/21/2022,001-002-004,8
9/21/2022,001-001-003,2
9/21/2022,001-003-006,4
9/21/2022,001-003-003,7
9/21/2022,001-002-002,5
9/22/2022,001-003-004,3
9/22/2022,001-002-001,14
9/22/2022,001-001-002,6
9/22/2022,001-003-006,9
9/22/2022,001-003-002,1
9/22/2022,001-003-005,3
9/23/2022,001-002-004,2
9/23/2022,001-003-002,5
9/23/2022,001-003-001,7
9/23/2022,001-001-004,8
9/23/2022,001-001-003,6
9/23/2022,001-002-003,10
9/24/2022,001-003-004,4
9/24/2022,001-002-004,12
9/24/2022,001-003-005,1
9/24/2022,001-001-001,2
9/24/2022,001-001-002,5
9/24/2022,001-003-006,3
9/26/2022,001-002-001,7
9/26/2022,001-001-004,9
9/26/2022,001-003-002,6
9/26/2022,001-003-004,8
9/26/2022,001-002-003,4
9/26/2022,001-001-002,2
9/27/2022,001-001-003,15
9/27/2022,001-003-001,2
9/27/2022,001-002-002,10
9/27/2022,001-003-003,4
9/27/2022,001-003-006,3
9/28/2022,001-001-002,5
9/28/2022,001-001-001,6
9/28/2022,001-001-004,2
9/28/2022,001-003-002,1
9/28/2022,001-003-005,8
9/28/2022,001-002-001,7
9/28/2022,001-003-003,3
9/29/2022,001-002-004,4
9/29/2022,001-002-002,5
9/29/2022,001-003-002,9
9/29/2022,001-003-001,2
9/29/2022,001-003-003,14
9/29/2022,001-002-003,6
9/30/2022,001-001-003,12
9/30/2022,001-003-001,4
9/30/2022,001-003-005,8
9/30/2022,001-002-004,2
9/30/2022,001-001-001,1
9/30/2022,001-003-004,9
10/1/2022,001-003-006,3
10/2/2022,001-003-002,2
10/2/2022,001-001-004,7
10/2/2022,001-002-001,5
10/2/2022,001-002-002,6
10/2/2022,001-001-002,4
10/3/2022,001-002-003,2
10/3/2022,001-001-001,3
10/3/2022,001-003-006,8
10/3/2022,001-003-005,15
10/3/2022,001-002-001,7
10/3/2022,001-003-004,1
10/4/2022,001-002-002,9
10/4/2022,001-001-002,5
10/4/2022,001-003-005,6
10/4/2022,001-002-004,2
10/4/2022,001-001-001,4
10/4/2022,001-003-003,10
10/5/2022,001-001-004,3
10/5/2022,001-002-003,7
10/5/2022,001-003-002,12
10/5/2022,001-003-006,2
10/5/2022,001-002-001,4
10/6/2022,001-001-003,5
10/6/2022,001-001-003,8
10/6/2022,001-003-001,9
10/6/2022,001-002-002,6
10/6/2022,001-003-004,3
10/6/2022,001-003-003,2
10/7/2022,001-002-004,11
10/7/2022,001-001-002,14
10/7/2022,001-002-001,2
10/7/2022,001-003-004,1
10/7/2022,001-003-006,5
10/7/2022,001-001-004,6
10/8/2022,001-003-005,4
10/8/2022,001-002-003,7
10/8/2022,001-002-004,3
10/8/2022,001-003-002,2
10/8/2022,001-001-001,8
10/8/2022,001-003-001,10
10/8/2022,001-001-004,9
10/10/2022,001-003-003,12
10/10/2022,001-002-002,2
10/10/2022,001-003-006,15
10/10/2022,001-002-001,5
10/10/2022,001-003-005,3
10/10/2022,001-003-004,4
10/10/2022,001-002-004,6
10/10/2022,001-003-002,1
10/10/2022,001-001-002,2
10/11/2022,001-001-003,7
10/11/2022,001-003-005,8
10/11/2022,001-002-003,5
10/11/2022,001-002-001,9
10/11/2022,001-001-001,4
10/11/2022,001-003-001,2
10/11/2022,001-003-004,3
10/12/2022,001-003-003,10
10/12/2022,001-001-004,3
10/12/2022,001-002-002,5
10/12/2022,001-002-004,7
10/12/2022,001-001-002,2
10/12/2022,001-002-003,4
10/13/2022,001-001-004,8
10/13/2022,001-003-006,6
10/13/2022,001-003-005,2
10/13/2022,001-002-001,15
10/13/2022,001-003-004,3
10/14/2022,001-002-002,9
10/14/2022,001-001-002,10
10/14/2022,001-003-005,7
10/14/2022,001-002-004,14
10/14/2022,001-001-001,2
10/15/2022,001-003-003,1
10/15/2022,001-001-003,5
10/15/2022,001-002-003,2
10/15/2022,001-003-002,4
10/15/2022,001-003-006,6
10/15/2022,001-002-001,8
10/15/2022,001-001-003,3
10/17/2022,001-001-003,11
10/17/2022,001-003-001,2
10/17/2022,001-002-002,12
10/17/2022,001-003-004,7
10/17/2022,001-003-003,5
10/17/2022,001-002-004,18
10/18/2022,001-001-002,4
10/18/2022,001-002-001,3
10/18/2022,001-003-004,2
10/18/2022,001-003-006,1
10/18/2022,001-001-004,24
10/18/2022,001-003-005,8
10/19/2022,001-002-003,9
10/19/2022,001-002-004,6
10/19/2022,001-003-002,5
10/19/2022,001-001-001,4
10/19/2022,001-003-001,13
10/19/2022,001-001-004,2
10/20/2022,001-003-003,7
10/20/2022,001-002-002,3
10/20/2022,001-003-006,10
10/20/2022,001-002-001,2
10/20/2022,001-003-005,16
10/20/2022,001-003-004,8
10/20/2022,001-002-004,5
10/20/2022,001-003-002,4
10/21/2022,001-001-002,6
10/21/2022,001-001-003,3
10/21/2022,001-003-005,2
10/21/2022,001-002-003,14
10/21/2022,001-002-001,7
10/21/2022,001-001-001,1
10/22/2022,001-003-001,5
10/22/2022,001-003-004,6
10/22/2022,001-003-003,9
10/22/2022,001-001-004,8
10/22/2022,001-002-002,4
10/24/2022,001-002-004,2
10/24/2022,001-001-002,15
10/24/2022,001-002-003,3
10/24/2022,001-001-001,7
10/24/2022,001-003-006,10
10/24/2022,001-003-005,2
10/24/2022,001-002-001,4
10/25/2022,001-003-004,5
10/25/2022,001-002-002,6
10/25/2022,001-001-002,8
10/25/2022,001-003-005,9
10/25/2022,001-002-004,3
10/25/2022,001-001-001,12
10/25/2022,001-003-003,2
10/26/2022,001-001-003,11
10/26/2022,001-002-003,7
10/26/2022,001-003-002,5
10/26/2022,001-003-006,6
10/26/2022,001-002-001,4
10/26/2022,001-001-003,2
10/27/2022,001-001-003,1
10/27/2022,001-003-001,3
10/27/2022,001-002-002,9
10/27/2022,001-003-004,8
10/28/2022,001-003-003,14
10/28/2022,001-002-004,10
10/28/2022,001-001-002,2
10/28/2022,001-002-001,13
10/28/2022,001-003-004,7
10/29/2022,001-003-006,5
10/29/2022,001-001-004,6
10/29/2022,001-003-005,4
10/29/2022,001-002-003,3
10/29/2022,001-002-004,2
10/29/2022,001-003-002,8
10/31/2022,001-001-001,9
10/31/2022,001-003-001,1
10/31/2022,001-001-004,7
10/31/2022,001-003-003,5
10/31/2022,001-002-002,16
10/31/2022,001-003-006,4
11/1/2022,001-002-001,2
11/1/2022,001-003-005,3
11/1/2022,001-003-004,10
11/1/2022,001-002-004,12
11/1/2022,001-003-002,9
11/2/2022,001-001-002,8
11/2/2022,001-001-003,7
11/2/2022,001-003-005,2
11/2/2022,001-002-003,5
11/2/2022,001-002-001,6
11/3/2022,001-001-001,3
11/3/2022,001-003-001,4
11/3/2022,001-003-004,15
11/3/2022,001-003-003,1
11/3/2022,001-001-004,14
11/3/2022,001-002-002,2
11/4/2022,001-002-004,7
11/4/2022,001-001-002,5
11/4/2022,001-002-003,6
11/4/2022,001-003-004,8
11/4/2022,001-002-005,4
11/5/2022,001-002-006,3
11/5/2022,001-002-005,9
11/5/2022,001-003-003,10
11/5/2022,001-003-002,11
11/5/2022,001-003-004,2
11/5/2022,001-001-003,12
11/7/2022,001-002-004,7
11/7/2022,001-002-006,6
11/7/2022,001-001-002,5
11/7/2022,001-002-006,4
11/7/2022,001-001-002,3
11/8/2022,001-001-003,2
11/8/2022,001-001-004,8
11/8/2022,001-003-003,9
11/8/2022,001-003-002,1
11/8/2022,001-003-002,10
11/8/2022,001-003-005,13
11/9/2022,001-001-003,7
11/9/2022,001-001-002,5
11/9/2022,001-002-005,6
11/9/2022,001-003-003,4
11/9/2022,001-003-001,2
11/10/2022,001-001-003,3
11/10/2022,001-001-003,8
11/10/2022,001-001-004,9
11/10/2022,001-003-001,1
11/10/2022,001-003-001,7
11/10/2022,001-003-002,12
11/11/2022,001-003-003,2
11/11/2022,001-002-003,5
11/11/2022,001-003-004,6
11/11/2022,001-001-001,4
11/11/2022,001-002-005,3
11/12/2022,001-003-006,14
11/12/2022,001-003-005,10
11/12/2022,001-001-003,9
11/12/2022,001-002-004,8
11/12/2022,001-002-003,2
11/14/2022,001-002-001,15
11/14/2022,001-003-002,7
11/14/2022,001-002-004,6
11/14/2022,001-003-003,5
11/14/2022,001-001-002,14
11/14/2022,001-003-005,3
11/15/2022,001-003-006,2
11/15/2022,001-003-002,1
11/15/2022,001-002-004,8
11/15/2022,001-001-001,9
11/15/2022,001-002-001,7
11/16/2022,001-003-004,10
11/16/2022,001-002-002,5
11/16/2022,001-003-006,6
11/16/2022,001-001-004,4
11/16/2022,001-002-002,3
11/17/2022,001-002-003,2
11/17/2022,001-001-001,11
11/17/2022,001-001-002,12
11/17/2022,001-001-004,9
11/17/2022,001-003-002,8
11/18/2022,001-002-003,15
11/18/2022,001-002-004,2
11/18/2022,001-002-006,5
11/18/2022,001-002-005,6
11/18/2022,001-003-001,4
11/19/2022,001-003-003,3
11/19/2022,001-001-003,7
11/19/2022,001-003-004,1
11/19/2022,001-001-003,8
11/19/2022,001-002-003,9
11/21/2022,001-002-001,2
11/21/2022,001-001-003,14
11/21/2022,001-001-001,10
11/21/2022,001-003-002,5
11/21/2022,001-002-004,4
11/22/2022,001-002-002,3
11/22/2022,001-003-005,6
11/22/2022,001-003-002,2
11/22/2022,001-002-004,1
11/22/2022,001-003-006,7
11/23/2022,001-001-004,8
11/23/2022,001-002-002,9
11/23/2022,001-003-001,5
11/23/2022,001-002-006,4
11/23/2022,001-002-002,3
11/24/2022,001-001-002,2
11/24/2022,001-003-004,10
11/24/2022,001-003-001,11
11/24/2022,001-003-006,6
11/24/2022,001-001-004,7
11/24/2022,001-001-002,8
11/25/2022,001-001-003,9
11/25/2022,001-003-003,12
11/25/2022,001-003-001,4
11/25/2022,001-001-001,3
11/25/2022,001-003-005,2
11/26/2022,001-001-003,5
11/26/2022,001-003-002,6
11/26/2022,001-001-002,1
11/26/2022,001-002-005,7
11/26/2022,001-002-002,8
11/26/2022,001-002-006,2
11/28/2022,001-001-001,3
11/28/2022,001-002-003,4
11/28/2022,001-002-004,9
11/28/2022,001-002-005,10
11/28/2022,001-003-005,5
11/29/2022,001-003-004,6
11/29/2022,001-003-003,14
11/29/2022,001-002-003,2
11/29/2022,001-003-005,7
11/29/2022,001-003-004,8
11/30/2022,001-002-005,15
11/30/2022,001-001-002,3
11/30/2022,001-003-006,4
11/30/2022,001-002-006,5
11/30/2022,001-001-004,6
12/1/2022,001-001-004,1
12/1/2022,001-002-006,2
12/1/2022,001-003-004,9
12/1/2022,001-001-002,10
12/1/2022,001-003-002,7
12/1/2022,001-001-003,8
12/2/2022,001-002-005,11
12/2/2022,001-003-005,5
12/2/2022,001-003-002,4
12/2/2022,001-001-004,3
12/2/2022,001-002-002,2
12/3/2022,001-003-001,6
12/3/2022,001-003-002,12
12/3/2022,001-001-002,7
12/3/2022,001-002-003,8
12/3/2022,001-002-003,1
12/3/2022,001-002-001,9
12/5/2022,001-001-003,10
12/5/2022,001-002-005,5
12/5/2022,001-003-004,4
12/5/2022,001-002-002,3
12/5/2022,001-003-003,2
12/6/2022,001-002-004,6
12/6/2022,001-003-005,7
12/6/2022,001-003-006,8
12/6/2022,001-003-006,9
12/6/2022,001-002-002,11
12/6/2022,001-003-005,12
12/6/2022,001-002-004,13
12/7/2022,001-003-001,4
12/7/2022,001-001-004,15
12/7/2022,001-001-003,3
12/7/2022,001-002-001,2
12/7/2022,001-003-002,6
12/7/2022,001-002-006,7
12/8/2022,001-002-004,8
12/8/2022,001-001-001,9
12/8/2022,001-002-003,10
12/8/2022,001-002-003,1
12/8/2022,001-001-002,2
12/8/2022,001-003-001,3
12/9/2022,001-003-001,4
12/9/2022,001-001-002,15
12/9/2022,001-003-003,6
12/9/2022,001-002-001,7
12/10/2022,001-003-001,8
12/10/2022,001-001-004,9
12/10/2022,001-002-002,10
12/10/2022,001-003-004,14
12/10/2022,001-003-002,2
12/12/2022,001-002-002,6
12/12/2022,001-003-003,4
12/12/2022,001-003-002,8
12/12/2022,001-002-005,9
12/12/2022,001-003-003,5
12/12/2022,001-001-003,7
12/12/2022,001-001-004,3
12/12/2022,001-002-004,10
12/13/2022,001-002-005,1
12/13/2022,001-003-005,15
12/13/2022,001-001-002,2
12/13/2022,001-002-002,4
12/13/2022,001-002-002,3
12/14/2022,001-001-001,5
12/14/2022,001-001-003,6
12/14/2022,001-002-001,2
12/14/2022,001-003-003,8
12/14/2022,001-003-002,7
12/15/2022,001-003-004,4
12/15/2022,001-003-001,9
12/15/2022,001-001-004,21
12/15/2022,001-001-004,12
12/15/2022,001-002-002,3
12/16/2022,001-001-003,10
12/16/2022,001-003-002,5
12/16/2022,001-002-001,2
12/16/2022,001-001-001,11
12/16/2022,001-003-001,6
12/16/2022,001-003-004,7
12/17/2022,001-002-003,4
12/17/2022,001-003-003,2
12/17/2022,001-003-004,3
12/17/2022,001-003-004,8
12/17/2022,001-003-004,9
12/17/2022,001-002-001,14
12/17/2022,001-001-001,5
12/19/2022,001-002-001,1
12/19/2022,001-001-003,6
12/19/2022,001-002-001,2
12/19/2022,001-003-001,4
12/19/2022,001-003-002,3
12/20/2022,001-003-004,7
12/20/2022,001-001-002,10
12/20/2022,001-001-004,8
12/20/2022,001-003-002,2
12/20/2022,001-001-002,5
12/20/2022,001-003-004,15
12/21/2022,001-003-004,9
12/21/2022,001-001-002,13
12/21/2022,001-003-003,4
12/21/2022,001-003-004,6
12/21/2022,001-002-003,8
12/22/2022,001-003-002,7
12/22/2022,001-002-003,1
12/22/2022,001-003-002,2
12/22/2022,001-001-001,9
12/22/2022,001-002-003,5
12/22/2022,001-002-001,10
12/22/2022,001-002-002,3
12/22/2022,001-003-003,4